Country,League,Season,Date,Time,Home,Away,HG,AG,Res
Brazil,Serie A,2024,2024-04-13,22:30,Criciuma,Juventude,1,1,D
Brazil,Serie A,2024,2024-04-13,22:30,Internacional,Bahia,2,1,H
Brazil,Serie A,2024,2024-04-14,01:00,Fluminense,Bragantino,2,2,D
Brazil,Serie A,2024,2024-04-14,01:00,Sao Paulo,Fortaleza,1,2,A
Brazil,Serie A,2024,2024-04-14,20:00,Athletico-PR,Cuiaba,4,0,H
Brazil,Serie A,2024,2024-04-14,20:00,Atletico GO,Flamengo RJ,1,2,A
Brazil,Serie A,2024,2024-04-14,20:00,Corinthians,Atletico-MG,0,0,D
Brazil,Serie A,2024,2024-04-14,20:00,Vasco,Gremio,2,1,H
Brazil,Serie A,2024,2024-04-14,21:00,Cruzeiro,Botafogo RJ,3,2,H
Brazil,Serie A,2024,2024-04-14,22:30,Vitoria,Palmeiras,0,1,A
Brazil,Serie A,2024,2024-04-17,01:30,Bahia,Fluminense,2,1,H
Brazil,Serie A,2024,2024-04-17,23:00,Bragantino,Vasco,2,1,H
Brazil,Serie A,2024,2024-04-17,23:00,Gremio,Athletico-PR,2,0,H
Brazil,Serie A,2024,2024-04-18,00:00,Atletico-MG,Criciuma,1,1,D
Brazil,Serie A,2024,2024-04-18,00:00,Fortaleza,Cruzeiro,1,1,D
Brazil,Serie A,2024,2024-04-18,00:00,Juventude,Corinthians,2,0,H
Brazil,Serie A,2024,2024-04-18,00:00,Palmeiras,Internacional,0,1,A
Brazil,Serie A,2024,2024-04-18,01:30,Flamengo RJ,Sao Paulo,2,1,H
Brazil,Serie A,2024,2024-04-19,01:30,Botafogo RJ,Atletico GO,1,0,H
Brazil,Serie A,2024,2024-04-20,20:00,Fluminense,Vasco,2,1,H
Brazil,Serie A,2024,2024-04-20,22:30,Bragantino,Corinthians,1,0,H
Brazil,Serie A,2024,2024-04-20,22:30,Gremio,Cuiaba,1,0,H
Brazil,Serie A,2024,2024-04-21,01:00,Atletico-MG,Cruzeiro,3,0,H
Brazil,Serie A,2024,2024-04-21,20:00,Athletico-PR,Internacional,1,0,H
Brazil,Serie A,2024,2024-04-21,20:00,Palmeiras,Flamengo RJ,0,0,D
Brazil,Serie A,2024,2024-04-21,20:00,Vitoria,Bahia,2,2,D
Brazil,Serie A,2024,2024-04-21,22:30,Atletico GO,Sao Paulo,0,3,A
Brazil,Serie A,2024,2024-04-21,22:30,Botafogo RJ,Juventude,5,1,H
Brazil,Serie A,2024,2024-04-27,20:00,Vasco,Criciuma,0,4,A
Brazil,Serie A,2024,2024-04-27,22:30,Cuiaba,Atletico-MG,0,3,A
Brazil,Serie A,2024,2024-04-28,01:00,Bahia,Gremio,1,0,H
Brazil,Serie A,2024,2024-04-28,15:00,Flamengo RJ,Botafogo RJ,0,2,A
Brazil,Serie A,2024,2024-04-28,20:00,Corinthians,Fluminense,3,0,H
Brazil,Serie A,2024,2024-04-28,20:00,Cruzeiro,Vitoria,3,1,H
Brazil,Serie A,2024,2024-04-28,22:30,Fortaleza,Bragantino,1,1,D
Brazil,Serie A,2024,2024-04-28,22:30,Juventude,Athletico-PR,1,1,D
Brazil,Serie A,2024,2024-04-29,00:00,Internacional,Atletico GO,1,1,D
Brazil,Serie A,2024,2024-04-30,00:00,Sao Paulo,Palmeiras,0,0,D
Brazil,Serie A,2024,2024-05-04,20:00,Fluminense,Atletico-MG,2,2,D
Brazil,Serie A,2024,2024-05-04,22:30,Bragantino,Flamengo RJ,1,1,D
Brazil,Serie A,2024,2024-05-05,01:00,Corinthians,Fortaleza,0,0,D
Brazil,Serie A,2024,2024-05-05,20:00,Athletico-PR,Vasco,1,0,H
Brazil,Serie A,2024,2024-05-05,20:00,Vitoria,Sao Paulo,1,3,A
Brazil,Serie A,2024,2024-05-05,22:30,Botafogo RJ,Bahia,1,2,A
Brazil,Serie A,2024,2024-05-05,22:30,Cuiaba,Palmeiras,0,2,A
Brazil,Serie A,2024,2024-05-11,20:00,Flamengo RJ,Corinthians,2,0,H
Brazil,Serie A,2024,2024-05-12,20:00,Atletico GO,Cruzeiro,0,1,A
Brazil,Serie A,2024,2024-05-12,20:00,Fortaleza,Botafogo RJ,1,1,D
Brazil,Serie A,2024,2024-05-12,20:00,Palmeiras,Athletico-PR,0,2,A
Brazil,Serie A,2024,2024-05-12,22:30,Bahia,Bragantino,1,0,H
Brazil,Serie A,2024,2024-05-12,22:30,Vasco,Vitoria,2,1,H
Brazil,Serie A,2024,2024-05-14,00:00,Sao Paulo,Fluminense,2,1,H
Brazil,Serie A,2024,2024-06-01,20:00,Gremio,Bragantino,0,2,A
Brazil,Serie A,2024,2024-06-01,20:00,Vitoria,Atletico GO,0,2,A
Brazil,Serie A,2024,2024-06-01,22:30,Cuiaba,Internacional,0,1,A
Brazil,Serie A,2024,2024-06-01,22:30,Fluminense,Juventude,1,1,D
Brazil,Serie A,2024,2024-06-02,01:00,Corinthians,Botafogo RJ,0,1,A
Brazil,Serie A,2024,2024-06-02,20:00,Atletico-MG,Bahia,1,1,D
Brazil,Serie A,2024,2024-06-02,20:00,Criciuma,Palmeiras,1,2,A
Brazil,Serie A,2024,2024-06-02,20:00,Vasco,Flamengo RJ,1,6,A
Brazil,Serie A,2024,2024-06-02,22:30,Fortaleza,Athletico-PR,1,0,H
Brazil,Serie A,2024,2024-06-02,22:30,Sao Paulo,Cruzeiro,2,0,H
Brazil,Serie A,2024,2024-06-05,23:00,Juventude,Atletico GO,1,0,H
Brazil,Serie A,2024,2024-06-06,00:00,Cuiaba,Vitoria,0,0,D
Brazil,Serie A,2024,2024-06-09,20:00,Criciuma,Cuiaba,2,5,A
Brazil,Serie A,2024,2024-06-11,23:00,Atletico GO,Corinthians,2,2,D
Brazil,Serie A,2024,2024-06-11,23:00,Juventude,Vitoria,1,1,D
Brazil,Serie A,2024,2024-06-12,00:00,Botafogo RJ,Fluminense,1,0,H
Brazil,Serie A,2024,2024-06-12,01:30,Bragantino,Atletico-MG,1,2,A
Brazil,Serie A,2024,2024-06-13,23:00,Cruzeiro,Cuiaba,2,1,H
Brazil,Serie A,2024,2024-06-14,00:00,Athletico-PR,Criciuma,3,1,H
Brazil,Serie A,2024,2024-06-14,00:00,Flamengo RJ,Gremio,2,1,H
Brazil,Serie A,2024,2024-06-14,00:00,Internacional,Sao Paulo,0,0,D
Brazil,Serie A,2024,2024-06-14,01:30,Bahia,Fortaleza,1,0,H
Brazil,Serie A,2024,2024-06-14,01:30,Palmeiras,Vasco,2,0,H
Brazil,Serie A,2024,2024-06-15,22:30,Bragantino,Juventude,2,1,H
Brazil,Serie A,2024,2024-06-16,01:00,Fluminense,Atletico GO,1,2,A
Brazil,Serie A,2024,2024-06-16,20:00,Athletico-PR,Flamengo RJ,1,1,D
Brazil,Serie A,2024,2024-06-16,20:00,Corinthians,Sao Paulo,2,2,D
Brazil,Serie A,2024,2024-06-16,20:00,Vitoria,Internacional,2,1,H
Brazil,Serie A,2024,2024-06-16,22:30,Criciuma,Bahia,2,2,D
Brazil,Serie A,2024,2024-06-16,22:30,Cuiaba,Fortaleza,5,0,H
Brazil,Serie A,2024,2024-06-16,22:30,Gremio,Botafogo RJ,1,2,A
Brazil,Serie A,2024,2024-06-16,22:30,Vasco,Cruzeiro,0,0,D
Brazil,Serie A,2024,2024-06-18,00:30,Atletico-MG,Palmeiras,0,4,A
Brazil,Serie A,2024,2024-06-19,23:00,Atletico GO,Criciuma,1,2,A
Brazil,Serie A,2024,2024-06-19,23:00,Botafogo RJ,Athletico-PR,1,1,D
Brazil,Serie A,2024,2024-06-20,00:00,Fortaleza,Gremio,1,0,H
Brazil,Serie A,2024,2024-06-20,00:00,Juventude,Vasco,2,0,H
Brazil,Serie A,2024,2024-06-20,00:00,Sao Paulo,Cuiaba,0,1,A
Brazil,Serie A,2024,2024-06-20,01:30,Cruzeiro,Fluminense,2,0,H
Brazil,Serie A,2024,2024-06-20,01:30,Internacional,Corinthians,1,0,H
Brazil,Serie A,2024,2024-06-20,22:30,Vitoria,Atletico-MG,4,2,H
Brazil,Serie A,2024,2024-06-21,00:00,Flamengo RJ,Bahia,2,1,H
Brazil,Serie A,2024,2024-06-21,01:30,Palmeiras,Bragantino,2,1,H
Brazil,Serie A,2024,2024-06-22,20:00,Criciuma,Botafogo RJ,2,1,H
Brazil,Serie A,2024,2024-06-22,21:30,Gremio,Internacional,0,1,A
Brazil,Serie A,2024,2024-06-22,22:30,Cuiaba,Atletico GO,0,0,D
Brazil,Serie A,2024,2024-06-23,01:30,Vasco,Sao Paulo,4,1,H
Brazil,Serie A,2024,2024-06-23,20:00,Athletico-PR,Corinthians,1,1,D
Brazil,Serie A,2024,2024-06-23,20:00,Bahia,Cruzeiro,4,1,H
Brazil,Serie A,2024,2024-06-23,20:00,Fluminense,Flamengo RJ,0,1,A
Brazil,Serie A,2024,2024-06-23,22:30,Atletico-MG,Fortaleza,1,1,D
Brazil,Serie A,2024,2024-06-23,22:30,Bragantino,Vitoria,2,1,H
Brazil,Serie A,2024,2024-06-23,22:30,Palmeiras,Juventude,3,1,H
Brazil,Serie A,2024,2024-06-26,23:00,Botafogo RJ,Bragantino,2,1,H
Brazil,Serie A,2024,2024-06-26,23:00,Cruzeiro,Athletico-PR,2,0,H
Brazil,Serie A,2024,2024-06-27,00:00,Atletico GO,Gremio,1,1,D
Brazil,Serie A,2024,2024-06-27,00:00,Corinthians,Cuiaba,1,1,D
Brazil,Serie A,2024,2024-06-27,00:00,Juventude,Flamengo RJ,2,1,H
Brazil,Serie A,2024,2024-06-27,01:30,Bahia,Vasco,2,1,H
Brazil,Serie A,2024,2024-06-27,01:30,Fortaleza,Palmeiras,3,0,H
Brazil,Serie A,2024,2024-06-27,01:30,Internacional,Atletico-MG,1,2,A
Brazil,Serie A,2024,2024-06-27,23:00,Fluminense,Vitoria,0,1,A
Brazil,Serie A,2024,2024-06-28,00:00,Sao Paulo,Criciuma,2,1,H
Brazil,Serie A,2024,2024-06-29,22:30,Cuiaba,Bragantino,1,1,D
Brazil,Serie A,2024,2024-06-29,22:30,Vasco,Botafogo RJ,1,1,D
Brazil,Serie A,2024,2024-06-30,15:00,Atletico-MG,Atletico GO,1,1,D
Brazil,Serie A,2024,2024-06-30,20:00,Fortaleza,Juventude,2,1,H
Brazil,Serie A,2024,2024-06-30,20:00,Gremio,Fluminense,1,0,H
Brazil,Serie A,2024,2024-06-30,20:00,Sao Paulo,Bahia,3,1,H
Brazil,Serie A,2024,2024-06-30,22:30,Criciuma,Internacional,1,1,D
Brazil,Serie A,2024,2024-06-30,22:30,Flamengo RJ,Cruzeiro,2,1,H
Brazil,Serie A,2024,2024-06-30,22:30,Vitoria,Athletico-PR,0,1,A
Brazil,Serie A,2024,2024-07-02,00:00,Palmeiras,Corinthians,2,0,H
Brazil,Serie A,2024,2024-07-03,23:00,Cuiaba,Botafogo RJ,1,2,A
Brazil,Serie A,2024,2024-07-04,00:00,Criciuma,Cruzeiro,1,0,H
Brazil,Serie A,2024,2024-07-04,00:00,Vasco,Fortaleza,2,0,H
Brazil,Serie A,2024,2024-07-04,01:30,Athletico-PR,Sao Paulo,1,2,A
Brazil,Serie A,2024,2024-07-04,01:30,Atletico-MG,Flamengo RJ,2,4,A
Brazil,Serie A,2024,2024-07-04,01:30,Bragantino,Atletico GO,3,1,H
Brazil,Serie A,2024,2024-07-04,23:00,Bahia,Juventude,2,0,H
Brazil,Serie A,2024,2024-07-04,23:00,Gremio,Palmeiras,2,2,D
Brazil,Serie A,2024,2024-07-05,00:00,Corinthians,Vitoria,3,2,H
Brazil,Serie A,2024,2024-07-05,00:00,Fluminense,Internacional,1,1,D
Brazil,Serie A,2024,2024-07-07,00:00,Flamengo RJ,Cuiaba,1,1,D
Brazil,Serie A,2024,2024-07-07,00:00,Sao Paulo,Bragantino,2,0,H
Brazil,Serie A,2024,2024-07-07,20:00,Cruzeiro,Corinthians,3,0,H
Brazil,Serie A,2024,2024-07-07,20:00,Fortaleza,Fluminense,1,0,H
Brazil,Serie A,2024,2024-07-07,20:00,Juventude,Gremio,3,0,H
Brazil,Serie A,2024,2024-07-07,22:00,Internacional,Vasco,1,2,A
Brazil,Serie A,2024,2024-07-07,22:30,Atletico GO,Athletico-PR,1,2,A
Brazil,Serie A,2024,2024-07-07,22:30,Palmeiras,Bahia,2,0,H
Brazil,Serie A,2024,2024-07-07,22:30,Vitoria,Criciuma,2,1,H
Brazil,Serie A,2024,2024-07-08,00:30,Botafogo RJ,Atletico-MG,3,0,H
Brazil,Serie A,2024,2024-07-10,22:30,Gremio,Cruzeiro,0,2,A
Brazil,Serie A,2024,2024-07-10,23:00,Athletico-PR,Bahia,1,3,A
Brazil,Serie A,2024,2024-07-10,23:00,Vasco,Corinthians,2,0,H
Brazil,Serie A,2024,2024-07-11,23:30,Palmeiras,Atletico GO,3,1,H
Brazil,Serie A,2024,2024-07-12,00:00,Criciuma,Fluminense,1,1,D
Brazil,Serie A,2024,2024-07-12,00:00,Flamengo RJ,Fortaleza,1,2,A
Brazil,Serie A,2024,2024-07-12,01:30,Atletico-MG,Sao Paulo,2,1,H
Brazil,Serie A,2024,2024-07-12,01:30,Vitoria,Botafogo RJ,0,1,A
Brazil,Serie A,2024,2024-07-13,20:00,Bahia,Cuiaba,1,2,A
Brazil,Serie A,2024,2024-07-13,20:00,Cruzeiro,Bragantino,2,1,H
Brazil,Serie A,2024,2024-07-16,23:00,Juventude,Atletico-MG,1,1,D
Brazil,Serie A,2024,2024-07-17,01:00,Corinthians,Criciuma,2,1,H
Brazil,Serie A,2024,2024-07-17,23:00,Atletico GO,Vasco,0,1,A
Brazil,Serie A,2024,2024-07-18,00:00,Sao Paulo,Gremio,1,0,H
Brazil,Serie A,2024,2024-07-18,01:30,Botafogo RJ,Palmeiras,1,0,H
Brazil,Serie A,2024,2024-07-18,01:30,Fortaleza,Vitoria,3,1,H
Brazil,Serie A,2024,2024-07-20,20:00,Flamengo RJ,Criciuma,2,1,H
Brazil,Serie A,2024,2024-07-20,22:30,Botafogo RJ,Internacional,1,0,H
Brazil,Serie A,2024,2024-07-21,01:00,Palmeiras,Cruzeiro,2,0,H
Brazil,Serie A,2024,2024-07-21,15:00,Gremio,Vitoria,2,0,H
Brazil,Serie A,2024,2024-07-21,20:00,Atletico-MG,Vasco,2,0,H
Brazil,Serie A,2024,2024-07-21,20:00,Bahia,Corinthians,0,1,A
Brazil,Serie A,2024,2024-07-21,22:30,Bragantino,Athletico-PR,1,0,H
Brazil,Serie A,2024,2024-07-21,22:30,Fortaleza,Atletico GO,3,1,H
Brazil,Serie A,2024,2024-07-21,22:30,Juventude,Sao Paulo,0,0,D
Brazil,Serie A,2024,2024-07-22,00:00,Cuiaba,Fluminense,0,1,A
Brazil,Serie A,2024,2024-07-24,23:00,Criciuma,Fortaleza,1,1,D
Brazil,Serie A,2024,2024-07-24,23:00,Cruzeiro,Juventude,2,0,H
Brazil,Serie A,2024,2024-07-24,23:30,Sao Paulo,Botafogo RJ,2,2,D
Brazil,Serie A,2024,2024-07-25,00:00,Vitoria,Flamengo RJ,1,2,A
Brazil,Serie A,2024,2024-07-25,01:30,Atletico GO,Bahia,1,1,D
Brazil,Serie A,2024,2024-07-25,01:30,Fluminense,Palmeiras,1,0,H
Brazil,Serie A,2024,2024-07-26,00:00,Corinthians,Gremio,2,2,D
Brazil,Serie A,2024,2024-07-27,23:00,Juventude,Criciuma,1,2,A
Brazil,Serie A,2024,2024-07-27,23:00,Palmeiras,Vitoria,0,2,A
Brazil,Serie A,2024,2024-07-28,00:00,Bahia,Internacional,1,1,D
Brazil,Serie A,2024,2024-07-28,01:30,Botafogo RJ,Cruzeiro,0,3,A
Brazil,Serie A,2024,2024-07-28,01:30,Fortaleza,Sao Paulo,1,0,H
Brazil,Serie A,2024,2024-07-28,15:00,Bragantino,Fluminense,0,1,A
Brazil,Serie A,2024,2024-07-28,20:00,Flamengo RJ,Atletico GO,2,0,H
Brazil,Serie A,2024,2024-07-28,23:00,Atletico-MG,Corinthians,2,1,H
Brazil,Serie A,2024,2024-07-28,23:00,Cuiaba,Athletico-PR,1,2,A
Brazil,Serie A,2024,2024-07-28,23:00,Gremio,Vasco,1,0,H
Brazil,Serie A,2024,2024-08-03,20:00,Vitoria,Cuiaba,1,0,H
Brazil,Serie A,2024,2024-08-03,23:00,Vasco,Bragantino,2,2,D
Brazil,Serie A,2024,2024-08-04,00:00,Atletico GO,Botafogo RJ,1,4,A
Brazil,Serie A,2024,2024-08-04,00:00,Criciuma,Atletico-MG,2,1,H
Brazil,Serie A,2024,2024-08-04,01:30,Sao Paulo,Flamengo RJ,1,0,H
Brazil,Serie A,2024,2024-08-04,20:00,Athletico-PR,Gremio,0,2,A
Brazil,Serie A,2024,2024-08-04,20:00,Corinthians,Juventude,1,1,D
Brazil,Serie A,2024,2024-08-04,20:00,Fluminense,Bahia,1,0,H
Brazil,Serie A,2024,2024-08-04,21:00,Internacional,Palmeiras,1,1,D
Brazil,Serie A,2024,2024-08-06,01:00,Cruzeiro,Fortaleza,1,2,A
Brazil,Serie A,2024,2024-08-10,20:00,Fortaleza,Criciuma,1,0,H
Brazil,Serie A,2024,2024-08-10,23:00,Cuiaba,Gremio,1,3,A
Brazil,Serie A,2024,2024-08-11,01:30,Corinthians,Bragantino,1,1,D
Brazil,Serie A,2024,2024-08-11,01:30,Cruzeiro,Atletico-MG,0,0,D
Brazil,Serie A,2024,2024-08-11,01:30,Vasco,Fluminense,2,0,H
Brazil,Serie A,2024,2024-08-11,15:00,Juventude,Botafogo RJ,3,2,H
Brazil,Serie A,2024,2024-08-11,20:00,Bahia,Vitoria,2,0,H
Brazil,Serie A,2024,2024-08-11,20:00,Flamengo RJ,Palmeiras,1,1,D
Brazil,Serie A,2024,2024-08-11,20:00,Sao Paulo,Atletico GO,1,0,H
Brazil,Serie A,2024,2024-08-11,23:00,Internacional,Athletico-PR,2,2,D
Brazil,Serie A,2024,2024-08-14,23:30,Internacional,Juventude,2,1,H
Brazil,Serie A,2024,2024-08-17,20:00,Atletico-MG,Cuiaba,1,1,D
Brazil,Serie A,2024,2024-08-17,20:00,Gremio,Bahia,0,2,A
Brazil,Serie A,2024,2024-08-17,22:30,Bragantino,Fortaleza,1,2,A
Brazil,Serie A,2024,2024-08-18,01:00,Fluminense,Corinthians,0,0,D
Brazil,Serie A,2024,2024-08-18,20:00,Atletico GO,Internacional,1,0,H
Brazil,Serie A,2024,2024-08-18,20:00,Criciuma,Vasco,2,2,D
Brazil,Serie A,2024,2024-08-18,20:00,Palmeiras,Sao Paulo,2,1,H
Brazil,Serie A,2024,2024-08-18,22:30,Athletico-PR,Juventude,1,2,A
Brazil,Serie A,2024,2024-08-18,22:30,Botafogo RJ,Flamengo RJ,4,1,H
Brazil,Serie A,2024,2024-08-20,00:00,Vitoria,Cruzeiro,2,2,D
Brazil,Serie A,2024,2024-08-24,20:00,Atletico GO,Juventude,2,1,H
Brazil,Serie A,2024,2024-08-24,22:30,Palmeiras,Cuiaba,5,0,H
Brazil,Serie A,2024,2024-08-25,01:00,Atletico-MG,Fluminense,0,2,A
Brazil,Serie A,2024,2024-08-25,20:00,Bahia,Botafogo RJ,0,0,D
Brazil,Serie A,2024,2024-08-25,20:00,Criciuma,Gremio,0,1,A
Brazil,Serie A,2024,2024-08-25,20:00,Fortaleza,Corinthians,1,0,H
Brazil,Serie A,2024,2024-08-25,22:30,Sao Paulo,Vitoria,2,1,H
Brazil,Serie A,2024,2024-08-25,23:00,Internacional,Cruzeiro,1,0,H
Brazil,Serie A,2024,2024-08-26,00:00,Flamengo RJ,Bragantino,2,1,H
Brazil,Serie A,2024,2024-08-27,01:00,Vasco,Athletico-PR,2,1,H
Brazil,Serie A,2024,2024-08-28,23:30,Criciuma,Bragantino,1,0,H
Brazil,Serie A,2024,2024-08-28,23:30,Cruzeiro,Internacional,0,0,D
Brazil,Serie A,2024,2024-08-31,22:30,Cuiaba,Criciuma,2,1,H
Brazil,Serie A,2024,2024-09-01,01:00,Botafogo RJ,Fortaleza,2,0,H
Brazil,Serie A,2024,2024-09-01,15:00,Cruzeiro,Atletico GO,3,1,H
Brazil,Serie A,2024,2024-09-01,15:00,Gremio,Atletico-MG,2,3,A
Brazil,Serie A,2024,2024-09-01,20:00,Corinthians,Flamengo RJ,2,1,H
Brazil,Serie A,2024,2024-09-01,22:30,Athletico-PR,Palmeiras,0,2,A
Brazil,Serie A,2024,2024-09-01,22:30,Bragantino,Bahia,2,1,H
Brazil,Serie A,2024,2024-09-01,22:30,Fluminense,Sao Paulo,2,0,H
Brazil,Serie A,2024,2024-09-01,22:30,Juventude,Internacional,1,3,A
Brazil,Serie A,2024,2024-09-01,22:30,Vitoria,Vasco,0,1,A
Brazil,Serie A,2024,2024-09-06,00:00,Cuiaba,Juventude,0,0,D
Brazil,Serie A,2024,2024-09-11,23:00,Internacional,Fortaleza,2,1,H
Brazil,Serie A,2024,2024-09-14,20:00,Atletico GO,Vitoria,0,2,A
Brazil,Serie A,2024,2024-09-14,22:30,Athletico-PR,Fortaleza,1,1,D
Brazil,Serie A,2024,2024-09-15,01:00,Botafogo RJ,Corinthians,2,1,H
Brazil,Serie A,2024,2024-09-15,20:00,Bragantino,Gremio,2,2,D
Brazil,Serie A,2024,2024-09-15,20:00,Juventude,Fluminense,2,1,H
Brazil,Serie A,2024,2024-09-15,20:00,Palmeiras,Criciuma,5,0,H
Brazil,Serie A,2024,2024-09-15,22:30,Bahia,Atletico-MG,3,0,H
Brazil,Serie A,2024,2024-09-15,22:30,Cruzeiro,Sao Paulo,0,1,A
Brazil,Serie A,2024,2024-09-15,22:30,Flamengo RJ,Vasco,1,1,D
Brazil,Serie A,2024,2024-09-17,00:00,Internacional,Cuiaba,3,0,H
Brazil,Serie A,2024,2024-09-21,20:00,Corinthians,Atletico GO,3,0,H
Brazil,Serie A,2024,2024-09-21,20:00,Vitoria,Juventude,1,0,H
Brazil,Serie A,2024,2024-09-21,22:30,Fluminense,Botafogo RJ,0,1,A
Brazil,Serie A,2024,2024-09-22,01:00,Fortaleza,Bahia,4,1,H
Brazil,Serie A,2024,2024-09-22,20:00,Atletico-MG,Bragantino,3,0,H
Brazil,Serie A,2024,2024-09-22,20:00,Vasco,Palmeiras,0,1,A
Brazil,Serie A,2024,2024-09-22,22:30,Cuiaba,Cruzeiro,0,0,D
Brazil,Serie A,2024,2024-09-22,22:30,Gremio,Flamengo RJ,3,2,H
Brazil,Serie A,2024,2024-09-22,22:30,Sao Paulo,Internacional,1,3,A
Brazil,Serie A,2024,2024-09-23,00:00,Criciuma,Athletico-PR,0,0,D
Brazil,Serie A,2024,2024-09-25,23:00,Bragantino,Internacional,2,2,D
Brazil,Serie A,2024,2024-09-25,23:00,Gremio,Criciuma,1,2,A
Brazil,Serie A,2024,2024-09-28,22:30,Palmeiras,Atletico-MG,2,1,H
Brazil,Serie A,2024,2024-09-29,01:00,Botafogo RJ,Gremio,0,0,D
Brazil,Serie A,2024,2024-09-29,15:00,Juventude,Bragantino,1,1,D
Brazil,Serie A,2024,2024-09-29,20:00,Atletico GO,Fluminense,1,0,H
Brazil,Serie A,2024,2024-09-29,20:00,Fortaleza,Cuiaba,1,0,H
Brazil,Serie A,2024,2024-09-29,20:00,Sao Paulo,Corinthians,3,1,H
Brazil,Serie A,2024,2024-09-29,22:30,Bahia,Criciuma,1,0,H
Brazil,Serie A,2024,2024-09-29,22:30,Cruzeiro,Vasco,1,1,D
Brazil,Serie A,2024,2024-09-29,22:30,Internacional,Vitoria,3,1,H
Brazil,Serie A,2024,2024-09-30,00:00,Flamengo RJ,Athletico-PR,1,0,H
Brazil,Serie A,2024,2024-10-03,23:00,Criciuma,Atletico GO,2,0,H
Brazil,Serie A,2024,2024-10-04,01:30,Fluminense,Cruzeiro,1,0,H
Brazil,Serie A,2024,2024-10-05,01:30,Gremio,Fortaleza,3,1,H
Brazil,Serie A,2024,2024-10-05,20:30,Athletico-PR,Botafogo RJ,0,1,A
Brazil,Serie A,2024,2024-10-05,20:30,Atletico-MG,Vitoria,2,2,D
Brazil,Serie A,2024,2024-10-05,20:30,Bragantino,Palmeiras,0,0,D
Brazil,Serie A,2024,2024-10-05,23:00,Bahia,Flamengo RJ,0,2,A
Brazil,Serie A,2024,2024-10-05,23:00,Corinthians,Internacional,2,2,D
Brazil,Serie A,2024,2024-10-05,23:00,Cuiaba,Sao Paulo,2,0,H
Brazil,Serie A,2024,2024-10-06,01:00,Vasco,Juventude,1,1,D
Brazil,Serie A,2024,2024-10-09,23:30,Atletico-MG,Gremio,2,1,H
Brazil,Serie A,2024,2024-10-17,01:45,Fortaleza,Atletico-MG,1,1,D
Brazil,Serie A,2024,2024-10-17,01:45,Sao Paulo,Vasco,3,0,H
Brazil,Serie A,2024,2024-10-18,00:00,Corinthians,Athletico-PR,5,2,H
Brazil,Serie A,2024,2024-10-18,00:00,Flamengo RJ,Fluminense,0,2,A
Brazil,Serie A,2024,2024-10-18,23:00,Atletico GO,Cuiaba,0,0,D
Brazil,Serie A,2024,2024-10-19,00:00,Botafogo RJ,Criciuma,1,1,D
Brazil,Serie A,2024,2024-10-19,01:30,Cruzeiro,Bahia,1,1,D
Brazil,Serie A,2024,2024-10-19,20:00,Internacional,Gremio,1,0,H
Brazil,Serie A,2024,2024-10-19,20:00,Vitoria,Bragantino,1,0,H
Brazil,Serie A,2024,2024-10-21,00:00,Juventude,Palmeiras,3,5,A
Brazil,Serie A,2024,2024-10-22,23:30,Fluminense,Athletico-PR,1,0,H
Brazil,Serie A,2024,2024-10-24,23:00,Vasco,Cuiaba,1,0,H
Brazil,Serie A,2024,2024-10-26,20:30,Flamengo RJ,Juventude,4,2,H
Brazil,Serie A,2024,2024-10-26,20:30,Gremio,Atletico GO,3,1,H
Brazil,Serie A,2024,2024-10-26,20:30,Palmeiras,Fortaleza,2,2,D
Brazil,Serie A,2024,2024-10-26,20:30,Vitoria,Fluminense,2,1,H
Brazil,Serie A,2024,2024-10-26,22:30,Athletico-PR,Cruzeiro,3,0,H
Brazil,Serie A,2024,2024-10-26,23:00,Atletico-MG,Internacional,1,3,A
Brazil,Serie A,2024,2024-10-26,23:00,Bragantino,Botafogo RJ,0,1,A
Brazil,Serie A,2024,2024-10-27,01:00,Criciuma,Sao Paulo,1,1,D
Brazil,Serie A,2024,2024-10-28,22:00,Cuiaba,Corinthians,0,1,A
Brazil,Serie A,2024,2024-10-29,00:00,Vasco,Bahia,3,2,H
Brazil,Serie A,2024,2024-10-30,22:00,Internacional,Flamengo RJ,1,1,D
Brazil,Serie A,2024,2024-11-02,00:00,Fluminense,Gremio,2,2,D
Brazil,Serie A,2024,2024-11-02,19:00,Bragantino,Cuiaba,0,0,D
Brazil,Serie A,2024,2024-11-02,21:30,Athletico-PR,Vitoria,1,2,A
Brazil,Serie A,2024,2024-11-02,21:30,Juventude,Fortaleza,0,3,A
Brazil,Serie A,2024,2024-11-04,23:00,Corinthians,Palmeiras,2,0,H
Brazil,Serie A,2024,2024-11-06,00:30,Bahia,Sao Paulo,0,3,A
Brazil,Serie A,2024,2024-11-06,00:30,Botafogo RJ,Vasco,3,0,H
Brazil,Serie A,2024,2024-11-06,00:30,Internacional,Criciuma,2,0,H
Brazil,Serie A,2024,2024-11-07,00:00,Atletico GO,Atletico-MG,1,0,H
Brazil,Serie A,2024,2024-11-07,00:00,Cruzeiro,Flamengo RJ,0,1,A
Brazil,Serie A,2024,2024-11-08,22:00,Internacional,Fluminense,2,0,H
Brazil,Serie A,2024,2024-11-09,00:30,Palmeiras,Gremio,1,0,H
Brazil,Serie A,2024,2024-11-09,19:30,Botafogo RJ,Cuiaba,0,0,D
Brazil,Serie A,2024,2024-11-09,19:30,Vitoria,Corinthians,1,2,A
Brazil,Serie A,2024,2024-11-09,22:00,Atletico GO,Bragantino,0,0,D
Brazil,Serie A,2024,2024-11-09,22:00,Cruzeiro,Criciuma,2,1,H
Brazil,Serie A,2024,2024-11-09,22:00,Fortaleza,Vasco,3,0,H
Brazil,Serie A,2024,2024-11-09,22:00,Juventude,Bahia,2,1,H
Brazil,Serie A,2024,2024-11-10,00:00,Sao Paulo,Athletico-PR,2,1,H
Brazil,Serie A,2024,2024-11-13,23:00,Flamengo RJ,Atletico-MG,0,0,D
Brazil,Serie A,2024,2024-11-16,21:30,Athletico-PR,Atletico-MG,1,0,H
Brazil,Serie A,2024,2024-11-20,14:00,Corinthians,Cruzeiro,2,1,H
Brazil,Serie A,2024,2024-11-20,19:30,Athletico-PR,Atletico GO,2,0,H
Brazil,Serie A,2024,2024-11-20,19:30,Bragantino,Sao Paulo,1,1,D
Brazil,Serie A,2024,2024-11-20,19:30,Criciuma,Vitoria,0,1,A
Brazil,Serie A,2024,2024-11-20,21:00,Bahia,Palmeiras,1,2,A
Brazil,Serie A,2024,2024-11-20,22:00,Cuiaba,Flamengo RJ,1,2,A
Brazil,Serie A,2024,2024-11-20,22:00,Gremio,Juventude,2,2,D
Brazil,Serie A,2024,2024-11-21,00:30,Atletico-MG,Botafogo RJ,0,0,D
Brazil,Serie A,2024,2024-11-21,23:00,Vasco,Internacional,0,1,A
Brazil,Serie A,2024,2024-11-23,00:30,Fluminense,Fortaleza,2,2,D
Brazil,Serie A,2024,2024-11-23,22:30,Atletico GO,Palmeiras,0,1,A
Brazil,Serie A,2024,2024-11-23,22:30,Botafogo RJ,Vitoria,1,1,D
Brazil,Serie A,2024,2024-11-23,22:30,Juventude,Cuiaba,1,1,D
Brazil,Serie A,2024,2024-11-24,00:30,Sao Paulo,Atletico-MG,2,2,D
Brazil,Serie A,2024,2024-11-24,19:00,Bahia,Athletico-PR,1,1,D
Brazil,Serie A,2024,2024-11-24,19:00,Corinthians,Vasco,3,1,H
Brazil,Serie A,2024,2024-11-24,19:00,Internacional,Bragantino,4,1,H
Brazil,Serie A,2024,2024-11-26,22:00,Fluminense,Criciuma,0,0,D
Brazil,Serie A,2024,2024-11-26,23:00,Fortaleza,Flamengo RJ,0,0,D
Brazil,Serie A,2024,2024-11-27,00:30,Atletico-MG,Juventude,2,3,A
Brazil,Serie A,2024,2024-11-27,00:30,Palmeiras,Botafogo RJ,1,3,A
Brazil,Serie A,2024,2024-11-28,00:00,Cruzeiro,Gremio,1,1,D
Brazil,Serie A,2024,2024-11-30,22:30,Criciuma,Corinthians,2,4,A
Brazil,Serie A,2024,2024-11-30,22:30,Cuiaba,Bahia,1,2,A
Brazil,Serie A,2024,2024-12-01,00:30,Vasco,Atletico GO,2,2,D
Brazil,Serie A,2024,2024-12-01,19:00,Flamengo RJ,Internacional,3,2,H
Brazil,Serie A,2024,2024-12-01,19:00,Gremio,Sao Paulo,2,1,H
Brazil,Serie A,2024,2024-12-01,21:30,Athletico-PR,Fluminense,1,1,D
Brazil,Serie A,2024,2024-12-01,21:30,Bragantino,Cruzeiro,1,1,D
Brazil,Serie A,2024,2024-12-01,21:30,Vitoria,Fortaleza,2,0,H
Brazil,Serie A,2024,2024-12-03,23:00,Corinthians,Bahia,3,0,H
Brazil,Serie A,2024,2024-12-04,22:00,Vasco,Atletico-MG,2,0,H
Brazil,Serie A,2024,2024-12-04,23:00,Criciuma,Flamengo RJ,0,3,A
Brazil,Serie A,2024,2024-12-04,23:00,Sao Paulo,Juventude,1,2,A
Brazil,Serie A,2024,2024-12-04,23:00,Vitoria,Gremio,1,1,D
Brazil,Serie A,2024,2024-12-05,00:30,Atletico GO,Fortaleza,3,1,H
Brazil,Serie A,2024,2024-12-05,00:30,Cruzeiro,Palmeiras,1,2,A
Brazil,Serie A,2024,2024-12-05,00:30,Internacional,Botafogo RJ,0,1,A
Brazil,Serie A,2024,2024-12-05,23:00,Athletico-PR,Bragantino,1,2,A
Brazil,Serie A,2024,2024-12-05,23:00,Fluminense,Cuiaba,1,0,H
Brazil,Serie A,2024,2024-12-08,19:00,Atletico-MG,Athletico-PR,1,0,H
Brazil,Serie A,2024,2024-12-08,19:00,Bahia,Atletico GO,2,0,H
Brazil,Serie A,2024,2024-12-08,19:00,Botafogo RJ,Sao Paulo,2,1,H
Brazil,Serie A,2024,2024-12-08,19:00,Bragantino,Criciuma,5,1,H
Brazil,Serie A,2024,2024-12-08,19:00,Cuiaba,Vasco,1,2,A
Brazil,Serie A,2024,2024-12-08,19:00,Flamengo RJ,Vitoria,2,2,D
Brazil,Serie A,2024,2024-12-08,19:00,Fortaleza,Internacional,3,0,H
Brazil,Serie A,2024,2024-12-08,19:00,Gremio,Corinthians,0,3,A
Brazil,Serie A,2024,2024-12-08,19:00,Juventude,Cruzeiro,0,1,A
Brazil,Serie A,2024,2024-12-08,19:00,Palmeiras,Fluminense,0,1,A
